"No.","Time","Source","Destination","Protocol","Length","Info"
"36","0.154735","10.100.102.58","13.107.42.14","TCP","1494","58207  >  443 [ACK] Seq=1 Ack=1 Win=514 Len=1440 [TCP segment of a reassembled PDU]"
"37","0.154735","10.100.102.58","13.107.42.14","TCP","1494","58207  >  443 [ACK] Seq=1441 Ack=1 Win=514 Len=1440 [TCP segment of a reassembled PDU]"
"38","0.154735","10.100.102.58","13.107.42.14","TCP","1494","58207  >  443 [ACK] Seq=2881 Ack=1 Win=514 Len=1440 [TCP segment of a reassembled PDU]"
"39","0.154735","10.100.102.58","13.107.42.14","TLSv1.2","361","Application Data"
"40","0.154888","10.100.102.58","13.107.42.14","TLSv1.2","422","Application Data"
"42","0.167491","13.107.42.14","10.100.102.58","TCP","60","443  >  58207 [ACK] Seq=1 Ack=2881 Win=16386 Len=0"
"43","0.167491","13.107.42.14","10.100.102.58","TCP","60","443  >  58207 [ACK] Seq=1 Ack=4996 Win=16386 Len=0"
"99","0.357107","13.107.42.14","10.100.102.58","TCP","1506","443  >  58207 [ACK] Seq=1 Ack=4996 Win=16386 Len=1452 [TCP segment of a reassembled PDU]"
"100","0.357107","13.107.42.14","10.100.102.58","TLSv1.2","925","Application Data"
"101","0.357192","10.100.102.58","13.107.42.14","TCP","54","58207  >  443 [ACK] Seq=4996 Ack=2324 Win=517 Len=0"
"163","0.596917","10.100.102.58","162.159.128.235","TLSv1.2","115","Application Data"
"165","0.603143","162.159.128.235","10.100.102.58","TCP","60","443  >  58168 [ACK] Seq=1 Ack=62 Win=8 Len=0"
"166","0.604673","162.159.128.235","10.100.102.58","TLSv1.2","111","Application Data"
"175","0.617068","10.100.102.58","162.159.130.235","TLSv1.2","115","Application Data"
"177","0.625818","162.159.130.235","10.100.102.58","TLSv1.2","111","Application Data"
"184","0.644378","10.100.102.58","162.159.128.235","TCP","54","58168  >  443 [ACK] Seq=62 Ack=58 Win=510 Len=0"
"192","0.676352","10.100.102.58","162.159.130.235","TCP","54","58169  >  443 [ACK] Seq=62 Ack=58 Win=510 Len=0"
"224","0.851614","162.159.128.235","10.100.102.58","TLSv1.2","158","Application Data"
"234","0.896324","10.100.102.58","162.159.128.235","TCP","54","58168  >  443 [ACK] Seq=62 Ack=162 Win=509 Len=0"
"262","0.991035","10.100.102.58","162.159.128.235","TLSv1.2","144","Application Data"
"275","1.054588","162.159.128.235","10.100.102.58","TCP","60","443  >  58168 [ACK] Seq=162 Ack=152 Win=8 Len=0"
"328","1.216874","10.100.102.58","162.159.128.235","TLSv1.2","144","Application Data"
"335","1.221878","162.159.128.235","10.100.102.58","TCP","60","443  >  58168 [ACK] Seq=162 Ack=242 Win=8 Len=0"
"347","1.251575","162.159.128.235","10.100.102.58","TLSv1.2","158","Application Data"
"367","1.296833","10.100.102.58","162.159.128.235","TCP","54","58168  >  443 [ACK] Seq=242 Ack=266 Win=509 Len=0"
"612","2.137869","10.100.102.58","162.159.128.235","TLSv1.2","144","Application Data"
"616","2.185859","162.159.128.235","10.100.102.58","TCP","60","443  >  58168 [ACK] Seq=266 Ack=332 Win=8 Len=0"
"621","2.218243","10.100.102.58","162.159.128.235","TLSv1.2","144","Application Data"
"622","2.221878","162.159.128.235","10.100.102.58","TCP","60","443  >  58168 [ACK] Seq=266 Ack=422 Win=8 Len=0"
"683","2.817802","10.100.102.58","162.159.128.235","TLSv1.2","144","Application Data"
"686","2.871348","162.159.128.235","10.100.102.58","TCP","60","443  >  58168 [ACK] Seq=266 Ack=512 Win=8 Len=0"
"689","2.895773","10.100.102.58","162.159.128.235","TLSv1.2","144","Application Data"
"692","2.950291","162.159.128.235","10.100.102.58","TLSv1.2","158","Application Data"
"694","2.950291","162.159.128.235","10.100.102.58","TCP","60","443  >  58168 [ACK] Seq=370 Ack=602 Win=8 Len=0"
"702","2.996350","10.100.102.58","162.159.128.235","TCP","54","58168  >  443 [ACK] Seq=602 Ack=370 Win=508 Len=0"
"720","3.072713","157.240.195.56","10.100.102.58","TLSv1.2","131","Application Data"
"729","3.116830","10.100.102.58","157.240.195.56","TCP","54","58100  >  443 [ACK] Seq=1 Ack=78 Win=514 Len=0"
"754","3.270148","162.159.128.235","10.100.102.58","TLSv1.2","158","Application Data"
"766","3.316896","10.100.102.58","162.159.128.235","TCP","54","58168  >  443 [ACK] Seq=602 Ack=474 Win=514 Len=0"
"817","3.737348","10.100.102.58","157.240.195.56","TLSv1.2","124","Application Data"
"834","3.884581","157.240.195.56","10.100.102.58","TCP","60","443  >  58100 [ACK] Seq=78 Ack=71 Win=2352 Len=0"
"847","3.985477","157.240.195.56","10.100.102.58","TLSv1.2","126","Application Data"
"851","4.032665","10.100.102.58","157.240.195.56","TCP","54","58100  >  443 [ACK] Seq=71 Ack=150 Win=513 Len=0"
"869","4.177657","10.100.102.58","162.159.136.234","TLSv1.2","97","Application Data"
"874","4.183275","162.159.136.234","10.100.102.58","TCP","60","443  >  58134 [ACK] Seq=1 Ack=44 Win=7 Len=0"
"896","4.330258","162.159.136.234","10.100.102.58","TLSv1.2","86","Application Data"
"902","4.378323","10.100.102.58","162.159.136.234","TCP","54","58134  >  443 [ACK] Seq=44 Ack=33 Win=512 Len=0"
"931","4.525966","157.240.195.56","10.100.102.58","TLSv1.2","523","Application Data"
"937","4.576907","10.100.102.58","157.240.195.56","TCP","54","58100  >  443 [ACK] Seq=71 Ack=619 Win=511 Len=0"
"950","4.629351","10.100.102.58","157.240.195.56","TLSv1.2","145","Application Data"
"953","4.657516","10.100.102.58","157.240.195.56","TLSv1.2","157","Application Data"
"969","4.736217","157.240.195.56","10.100.102.58","TCP","60","443  >  58100 [ACK] Seq=619 Ack=162 Win=2352 Len=0"
"970","4.736217","157.240.195.56","10.100.102.58","TCP","60","443  >  58100 [ACK] Seq=619 Ack=265 Win=2352 Len=0"
"995","4.939417","157.240.195.56","10.100.102.58","TLSv1.2","144","Application Data"
"1001","4.982113","10.100.102.58","157.240.195.56","TCP","54","58100  >  443 [ACK] Seq=265 Ack=709 Win=511 Len=0"
"1080","5.350767","162.159.128.235","10.100.102.58","TLSv1.2","158","Application Data"
"1084","5.402096","10.100.102.58","162.159.128.235","TCP","54","58168  >  443 [ACK] Seq=602 Ack=578 Win=513 Len=0"
"1139","5.597499","10.100.102.58","162.159.128.235","TLSv1.2","115","Application Data"
"1141","5.617321","10.100.102.58","162.159.130.235","TLSv1.2","115","Application Data"
"1147","5.621436","162.159.128.235","10.100.102.58","TCP","60","443  >  58168 [ACK] Seq=578 Ack=663 Win=8 Len=0"
"1149","5.621436","162.159.128.235","10.100.102.58","TLSv1.2","111","Application Data"
"1151","5.625688","162.159.130.235","10.100.102.58","TLSv1.2","111","Application Data"
"1156","5.674095","10.100.102.58","162.159.128.235","TCP","54","58168  >  443 [ACK] Seq=663 Ack=635 Win=513 Len=0"
"1157","5.674167","10.100.102.58","162.159.130.235","TCP","54","58169  >  443 [ACK] Seq=123 Ack=115 Win=510 Len=0"
"1199","5.957773","162.159.128.235","10.100.102.58","TLSv1.2","158","Application Data"
"1209","6.006207","10.100.102.58","162.159.128.235","TCP","54","58168  >  443 [ACK] Seq=663 Ack=739 Win=513 Len=0"
"1238","6.167131","157.240.195.56","10.100.102.58","TLSv1.2","151","Application Data"
"1239","6.170039","10.100.102.58","157.240.195.56","TLSv1.2","150","Application Data"
"1248","6.244021","157.240.195.56","10.100.102.58","TCP","60","443  >  58100 [ACK] Seq=806 Ack=361 Win=2352 Len=0"
"1265","6.412930","10.100.102.58","172.217.22.37","TCP","55","58206  >  443 [ACK] Seq=1 Ack=1 Win=512 Len=1 [TCP segment of a reassembled PDU]"
"1273","6.446266","172.217.22.37","10.100.102.58","TCP","66","443  >  58206 [ACK] Seq=1 Ack=2 Win=869 Len=0 SLE=1 SRE=2"
"1287","6.561913","162.159.128.235","10.100.102.58","TLSv1.2","158","Application Data"
"1302","6.602504","10.100.102.58","162.159.128.235","TCP","54","58168  >  443 [ACK] Seq=663 Ack=843 Win=512 Len=0"
"1353","6.982235","162.159.128.235","10.100.102.58","TLSv1.2","158","Application Data"
"1366","7.026014","10.100.102.58","162.159.128.235","TCP","54","58168  >  443 [ACK] Seq=663 Ack=947 Win=512 Len=0"
"1463","7.880182","162.159.128.235","10.100.102.58","TLSv1.2","158","Application Data"
"1472","7.926323","10.100.102.58","162.159.128.235","TCP","54","58168  >  443 [ACK] Seq=663 Ack=1051 Win=511 Len=0"
"1518","8.188476","162.159.128.235","10.100.102.58","TLSv1.2","158","Application Data"
"1527","8.236845","10.100.102.58","162.159.128.235","TCP","54","58168  >  443 [ACK] Seq=663 Ack=1155 Win=511 Len=0"
"1813","10.337069","13.107.42.14","10.100.102.58","TLSv1.2","100","Application Data"
"1814","10.347044","10.100.102.58","13.107.42.14","TLSv1.2","96","Application Data"
"1815","10.347162","10.100.102.58","13.107.42.14","TLSv1.2","96","Application Data"
"1819","10.353284","13.107.42.14","10.100.102.58","TCP","60","443  >  58207 [ACK] Seq=2370 Ack=5080 Win=16385 Len=0"
"1849","10.597615","10.100.102.58","162.159.128.235","TLSv1.2","115","Application Data"
"1851","10.611691","162.159.128.235","10.100.102.58","TLSv1.2","111","Application Data"
"1857","10.613232","10.100.102.58","162.159.130.235","TLSv1.2","115","Application Data"
"1862","10.626391","162.159.130.235","10.100.102.58","TLSv1.2","111","Application Data"
"1866","10.652463","10.100.102.58","162.159.128.235","TCP","54","58168  >  443 [ACK] Seq=724 Ack=1212 Win=511 Len=0"
"1870","10.668308","10.100.102.58","162.159.130.235","TCP","54","58169  >  443 [ACK] Seq=184 Ack=172 Win=510 Len=0"
"1874","10.696045","10.100.102.58","157.240.195.56","TLSv1.2","124","Application Data"
"1882","10.763951","157.240.195.56","10.100.102.58","TCP","60","443  >  58100 [ACK] Seq=806 Ack=431 Win=2352 Len=0"
"1902","10.936367","10.100.102.58","20.54.232.160","TCP","54","58427  >  443 [FIN, ACK] Seq=1 Ack=1 Win=515 Len=0"
"1911","11.003915","20.54.232.160","10.100.102.58","TCP","60","443  >  58427 [FIN, ACK] Seq=1 Ack=2 Win=2053 Len=0"
"1912","11.003995","10.100.102.58","20.54.232.160","TCP","54","58427  >  443 [ACK] Seq=2 Ack=2 Win=515 Len=0"
"2030","11.813804","162.159.128.235","10.100.102.58","TLSv1.2","158","Application Data"
"2038","11.860268","10.100.102.58","162.159.128.235","TCP","54","58168  >  443 [ACK] Seq=724 Ack=1316 Win=510 Len=0"
"2145","12.457862","10.100.102.58","162.159.128.235","TLSv1.2","144","Application Data"
"2153","12.495479","10.100.102.58","162.159.128.235","TLSv1.2","144","Application Data"
"2159","12.499796","162.159.128.235","10.100.102.58","TCP","60","443  >  58168 [ACK] Seq=1316 Ack=904 Win=8 Len=0"
"2264","12.809433","162.159.128.235","10.100.102.58","TLSv1.2","158","Application Data"
"2283","12.854431","10.100.102.58","162.159.128.235","TCP","54","58168  >  443 [ACK] Seq=904 Ack=1420 Win=510 Len=0"
"2459","13.504545","10.100.102.58","140.82.114.26","TCP","55","58174  >  443 [ACK] Seq=1 Ack=1 Win=513 Len=1 [TCP segment of a reassembled PDU]"
"2496","13.650363","140.82.114.26","10.100.102.58","TCP","66","443  >  58174 [ACK] Seq=1 Ack=2 Win=74 Len=0 SLE=1 SRE=2"
"2635","14.159905","10.100.102.58","13.107.42.14","TLSv1.2","378","Application Data"
"2636","14.159994","10.100.102.58","13.107.42.14","TLSv1.2","1129","Application Data"
"2637","14.165298","13.107.42.14","10.100.102.58","TCP","60","443  >  58207 [ACK] Seq=2370 Ack=6479 Win=16386 Len=0"
"2680","14.326082","13.107.42.14","10.100.102.58","TLSv1.2","528","Application Data"
"2693","14.372351","10.100.102.58","13.107.42.14","TCP","54","58207  >  443 [ACK] Seq=6479 Ack=2844 Win=515 Len=0"
"3008","15.604762","10.100.102.58","162.159.128.235","TLSv1.2","115","Application Data"
"3015","15.613458","162.159.128.235","10.100.102.58","TLSv1.2","111","Application Data"
"3016","15.614628","10.100.102.58","162.159.130.235","TLSv1.2","115","Application Data"
"3018","15.621422","162.159.130.235","10.100.102.58","TLSv1.2","111","Application Data"
"3028","15.654092","10.100.102.58","162.159.128.235","TCP","54","58168  >  443 [ACK] Seq=965 Ack=1477 Win=510 Len=0"
"3030","15.667069","10.100.102.58","162.159.130.235","TCP","54","58169  >  443 [ACK] Seq=245 Ack=229 Win=510 Len=0"
"3046","15.706563","10.100.102.58","157.240.195.56","TLSv1.2","317","Application Data"
"3058","15.775311","157.240.195.56","10.100.102.58","TCP","60","443  >  58100 [ACK] Seq=806 Ack=694 Win=2352 Len=0"
"3094","15.894317","157.240.195.56","10.100.102.58","TLSv1.2","165","Application Data"
"3104","15.935782","10.100.102.58","157.240.195.56","TCP","54","58100  >  443 [ACK] Seq=694 Ack=917 Win=516 Len=0"
"3192","16.170640","157.240.195.56","10.100.102.58","TLSv1.2","149","Application Data"
"3194","16.172536","10.100.102.58","157.240.195.56","TLSv1.2","147","Application Data"
"3208","16.187106","157.240.195.56","10.100.102.58","TLSv1.2","151","Application Data"
"3213","16.192225","10.100.102.58","157.240.195.56","TLSv1.2","149","Application Data"
"3241","16.267440","157.240.195.56","10.100.102.58","TCP","60","443  >  58100 [ACK] Seq=1109 Ack=787 Win=2352 Len=0"
"3242","16.267440","157.240.195.56","10.100.102.58","TCP","60","443  >  58100 [ACK] Seq=1109 Ack=882 Win=2352 Len=0"
"3609","17.577351","162.159.128.235","10.100.102.58","TLSv1.2","158","Application Data"
"3620","17.622632","10.100.102.58","162.159.128.235","TCP","54","58168  >  443 [ACK] Seq=965 Ack=1581 Win=509 Len=0"
"3651","17.724030","157.240.195.56","10.100.102.58","TLSv1.2","148","Application Data"
"3652","17.725673","10.100.102.58","157.240.195.56","TLSv1.2","147","Application Data"
"3674","17.792971","157.240.195.56","10.100.102.58","TCP","60","443  >  58100 [ACK] Seq=1203 Ack=975 Win=2352 Len=0"
"4196","19.408832","162.159.128.235","10.100.102.58","TLSv1.2","158","Application Data"
"4209","19.447180","162.159.128.235","10.100.102.58","TLSv1.2","158","Application Data"
"4210","19.447235","10.100.102.58","162.159.128.235","TCP","54","58168  >  443 [ACK] Seq=965 Ack=1789 Win=508 Len=0"
"4336","19.832276","162.159.128.235","10.100.102.58","TLSv1.2","158","Application Data"
"4355","19.874706","10.100.102.58","162.159.128.235","TCP","54","58168  >  443 [ACK] Seq=965 Ack=1893 Win=514 Len=0"
"4456","20.204884","162.159.128.235","10.100.102.58","TLSv1.2","158","Application Data"
"4477","20.267088","10.100.102.58","162.159.128.235","TCP","54","58168  >  443 [ACK] Seq=965 Ack=1997 Win=513 Len=0"
"4555","20.517593","162.159.128.235","10.100.102.58","TLSv1.2","158","Application Data"
"4567","20.566513","10.100.102.58","162.159.128.235","TCP","54","58168  >  443 [ACK] Seq=965 Ack=2101 Win=513 Len=0"
"4581","20.597336","10.100.102.58","162.159.128.235","TLSv1.2","115","Application Data"
"4591","20.613728","162.159.128.235","10.100.102.58","TLSv1.2","111","Application Data"
"4592","20.614591","10.100.102.58","162.159.130.235","TLSv1.2","115","Application Data"
"4596","20.622224","162.159.130.235","10.100.102.58","TLSv1.2","111","Application Data"
"4609","20.666173","10.100.102.58","162.159.128.235","TCP","54","58168  >  443 [ACK] Seq=1026 Ack=2158 Win=513 Len=0"
"4610","20.666224","10.100.102.58","162.159.130.235","TCP","54","58169  >  443 [ACK] Seq=306 Ack=286 Win=509 Len=0"
"4656","20.806520","157.240.195.56","10.100.102.58","TLSv1.2","131","Application Data"
"4671","20.846351","10.100.102.58","157.240.195.56","TCP","54","58100  >  443 [ACK] Seq=975 Ack=1280 Win=515 Len=0"
"5814","24.265328","157.240.195.56","10.100.102.58","TLSv1.2","131","Application Data"
"5828","24.307136","10.100.102.58","157.240.195.56","TCP","54","58100  >  443 [ACK] Seq=975 Ack=1357 Win=514 Len=0"
"6125","25.346727","13.107.42.14","10.100.102.58","TLSv1.2","100","Application Data"
"6127","25.348867","10.100.102.58","13.107.42.14","TLSv1.2","96","Application Data"
"6128","25.348967","10.100.102.58","13.107.42.14","TLSv1.2","96","Application Data"
"6130","25.355248","13.107.42.14","10.100.102.58","TCP","60","443  >  58207 [ACK] Seq=2890 Ack=6563 Win=16385 Len=0"
"6194","25.599846","10.100.102.58","162.159.128.235","TLSv1.2","115","Application Data"
"6200","25.611545","162.159.128.235","10.100.102.58","TLSv1.2","111","Application Data"
"6201","25.612756","10.100.102.58","162.159.130.235","TLSv1.2","115","Application Data"
"6203","25.626125","162.159.130.235","10.100.102.58","TLSv1.2","111","Application Data"
"6216","25.658821","10.100.102.58","162.159.128.235","TCP","54","58168  >  443 [ACK] Seq=1087 Ack=2215 Win=512 Len=0"
"6217","25.667067","10.100.102.58","162.159.130.235","TCP","54","58169  >  443 [ACK] Seq=367 Ack=343 Win=509 Len=0"
"6306","26.016826","10.100.102.58","162.159.128.235","TLSv1.2","144","Application Data"
"6325","26.080091","162.159.128.235","10.100.102.58","TCP","60","443  >  58168 [ACK] Seq=2215 Ack=1177 Win=8 Len=0"
"6342","26.160255","157.240.195.56","10.100.102.58","TLSv1.2","131","Application Data"
"6349","26.177820","10.100.102.58","162.159.128.235","TLSv1.2","144","Application Data"
"6351","26.182681","162.159.128.235","10.100.102.58","TCP","60","443  >  58168 [ACK] Seq=2215 Ack=1267 Win=8 Len=0"
"6356","26.207143","10.100.102.58","157.240.195.56","TCP","54","58100  >  443 [ACK] Seq=975 Ack=1434 Win=514 Len=0"
"6531","26.718193","157.240.195.56","10.100.102.58","TLSv1.2","303","Application Data"
"6548","26.775932","10.100.102.58","157.240.195.56","TCP","54","58100  >  443 [ACK] Seq=975 Ack=1683 Win=513 Len=0"
"6562","26.815066","10.100.102.58","157.240.195.56","TLSv1.2","145","Application Data"
"6571","26.848501","10.100.102.58","157.240.195.56","TLSv1.2","157","Application Data"
"6578","26.878200","10.100.102.58","162.159.128.235","TLSv1.2","144","Application Data"
"6579","26.881800","162.159.128.235","10.100.102.58","TCP","60","443  >  58168 [ACK] Seq=2215 Ack=1357 Win=8 Len=0"
"6581","26.887295","157.240.195.56","10.100.102.58","TCP","60","443  >  58100 [ACK] Seq=1683 Ack=1066 Win=2352 Len=0"
"6591","26.915242","10.100.102.58","162.159.128.235","TLSv1.2","144","Application Data"
"6592","26.918503","157.240.195.56","10.100.102.58","TCP","60","443  >  58100 [ACK] Seq=1683 Ack=1169 Win=2352 Len=0"
"6593","26.919811","162.159.128.235","10.100.102.58","TCP","60","443  >  58168 [ACK] Seq=2215 Ack=1447 Win=8 Len=0"
"6617","27.031204","157.240.195.56","10.100.102.58","TLSv1.2","144","Application Data"
"6632","27.076286","10.100.102.58","157.240.195.56","TCP","54","58100  >  443 [ACK] Seq=1169 Ack=1773 Win=513 Len=0"
"6747","27.576663","10.100.102.58","51.11.192.50","TCP","54","58417  >  443 [FIN, ACK] Seq=1 Ack=1 Win=1024 Len=0"
"6763","27.645373","51.11.192.50","10.100.102.58","TCP","60","443  >  58417 [FIN, ACK] Seq=1 Ack=2 Win=2048 Len=0"
"6764","27.645440","10.100.102.58","51.11.192.50","TCP","54","58417  >  443 [ACK] Seq=2 Ack=2 Win=1024 Len=0"
"6932","28.356261","140.82.114.26","10.100.102.58","TLSv1.2","95","Application Data"
"6933","28.356552","10.100.102.58","140.82.114.26","TLSv1.2","99","Ignored Unknown Record"
"6968","28.500147","140.82.114.26","10.100.102.58","TCP","60","443  >  58174 [ACK] Seq=42 Ack=47 Win=74 Len=0"
"6969","28.500147","140.82.114.26","10.100.102.58","TLSv1.2","78","Application Data"
"6970","28.500147","140.82.114.26","10.100.102.58","TCP","60","443  >  58174 [FIN, ACK] Seq=66 Ack=47 Win=74 Len=0"
"6971","28.500214","10.100.102.58","140.82.114.26","TCP","54","58174  >  443 [ACK] Seq=47 Ack=67 Win=513 Len=0"
"6973","28.500454","10.100.102.58","140.82.114.26","TCP","54","58174  >  443 [FIN, ACK] Seq=47 Ack=67 Win=513 Len=0"
"7031","28.634777","10.100.102.58","140.82.114.25","TCP","66","58448  >  443 [SYN] Seq=0 Win=64240 Len=0 MSS=1460 WS=256 SACK_PERM"
"7037","28.643801","140.82.114.26","10.100.102.58","TCP","60","443  >  58174 [ACK] Seq=67 Ack=48 Win=74 Len=0"
"7085","28.808670","140.82.114.25","10.100.102.58","TCP","66","443  >  58448 [SYN, ACK] Seq=0 Ack=1 Win=65535 Len=0 MSS=1436 SACK_PERM WS=1024"
"7086","28.808805","10.100.102.58","140.82.114.25","TCP","54","58448  >  443 [ACK] Seq=1 Ack=1 Win=132096 Len=0"
"7087","28.809297","10.100.102.58","140.82.114.25","TLSv1.3","571","Client Hello"
"7127","28.966263","140.82.114.25","10.100.102.58","TLSv1.3","1490","Server Hello, Change Cipher Spec, Application Data"
"7128","28.966263","140.82.114.25","10.100.102.58","TLSv1.3","1436","Application Data, Application Data, Application Data"
"7129","28.966353","10.100.102.58","140.82.114.25","TCP","54","58448  >  443 [ACK] Seq=518 Ack=2819 Win=132096 Len=0"
"7130","28.967464","10.100.102.58","140.82.114.25","TLSv1.3","118","Change Cipher Spec, Application Data"
"7131","28.967929","10.100.102.58","140.82.114.25","TLSv1.3","1165","Application Data"
"7138","28.977104","157.240.195.56","10.100.102.58","TLSv1.2","151","Application Data"
"7140","28.979397","10.100.102.58","157.240.195.56","TLSv1.2","150","Application Data"
"7150","29.016578","10.100.102.58","157.240.195.56","TLSv1.2","124","Application Data"
"7158","29.050243","157.240.195.56","10.100.102.58","TCP","60","443  >  58100 [ACK] Seq=1870 Ack=1265 Win=2352 Len=0"
"7167","29.085654","157.240.195.56","10.100.102.58","TCP","60","443  >  58100 [ACK] Seq=1870 Ack=1335 Win=2352 Len=0"
"7174","29.118605","140.82.114.25","10.100.102.58","TCP","60","443  >  58448 [ACK] Seq=2819 Ack=1693 Win=69632 Len=0"
"7175","29.118605","140.82.114.25","10.100.102.58","TLSv1.3","133","Application Data"
"7176","29.118605","140.82.114.25","10.100.102.58","TLSv1.3","133","Application Data"
"7177","29.118710","10.100.102.58","140.82.114.25","TCP","54","58448  >  443 [ACK] Seq=1693 Ack=2977 Win=131840 Len=0"
"7178","29.120526","140.82.114.25","10.100.102.58","TLSv1.3","555","Application Data"
"7179","29.120526","140.82.114.25","10.100.102.58","TLSv1.3","101","Application Data"
"7180","29.120601","10.100.102.58","140.82.114.25","TCP","54","58448  >  443 [ACK] Seq=1693 Ack=3525 Win=131328 Len=0"
"7181","29.121900","10.100.102.58","140.82.114.25","TLSv1.3","105","Application Data"
"7215","29.276406","140.82.114.25","10.100.102.58","TLSv1.3","78","Application Data"
"7216","29.276406","140.82.114.25","10.100.102.58","TCP","60","443  >  58448 [FIN, ACK] Seq=3549 Ack=1744 Win=69632 Len=0"
"7217","29.276453","10.100.102.58","140.82.114.25","TCP","54","58448  >  443 [ACK] Seq=1744 Ack=3550 Win=131328 Len=0"
"7218","29.276739","10.100.102.58","140.82.114.25","TCP","54","58448  >  443 [FIN, ACK] Seq=1744 Ack=3550 Win=131328 Len=0"
"7238","29.306233","13.107.42.12","10.100.102.58","TCP","60","443  >  58426 [RST, ACK] Seq=1 Ack=1 Win=0 Len=0"
"7272","29.411410","10.100.102.58","162.159.128.235","TLSv1.2","144","Application Data"
"7274","29.413584","10.100.102.58","140.82.121.4","TCP","66","58451  >  443 [SYN] Seq=0 Win=64240 Len=0 MSS=1460 WS=256 SACK_PERM"
"7276","29.415702","162.159.128.235","10.100.102.58","TCP","60","443  >  58168 [ACK] Seq=2215 Ack=1537 Win=8 Len=0"
"7280","29.436200","140.82.114.25","10.100.102.58","TCP","60","443  >  58448 [ACK] Seq=3550 Ack=1745 Win=69632 Len=0"
"7291","29.475313","140.82.121.4","10.100.102.58","TCP","66","443  >  58451 [SYN, ACK] Seq=0 Ack=1 Win=65535 Len=0 MSS=1436 SACK_PERM WS=1024"
"7292","29.475387","10.100.102.58","140.82.121.4","TCP","54","58451  >  443 [ACK] Seq=1 Ack=1 Win=132096 Len=0"
"7293","29.475590","10.100.102.58","140.82.121.4","TLSv1.2","571","Client Hello"
"7302","29.538552","140.82.121.4","10.100.102.58","TLSv1.2","1433","[TCP Previous segment not captured] , Ignored Unknown Record"
"7303","29.538552","140.82.121.4","10.100.102.58","TCP","1490","[TCP Out-Of-Order] 443  >  58451 [ACK] Seq=1 Ack=518 Win=67584 Len=1436"
"7304","29.538618","10.100.102.58","140.82.121.4","TCP","66","[TCP Dup ACK 7292#1] 58451  >  443 [ACK] Seq=518 Ack=1 Win=132096 Len=0 SLE=1437 SRE=2816"
"7305","29.538694","10.100.102.58","140.82.121.4","TCP","54","58451  >  443 [ACK] Seq=518 Ack=2816 Win=132096 Len=0"
"7308","29.539888","10.100.102.58","140.82.121.4","TLSv1.2","118","Change Cipher Spec, Application Data"
"7311","29.540333","10.100.102.58","140.82.121.4","TLSv1.2","152","Application Data"
"7313","29.540850","10.100.102.58","140.82.121.4","TLSv1.2","1155","Application Data"
"7315","29.556335","10.100.102.58","162.159.128.235","TLSv1.2","144","Application Data"
"7316","29.561837","162.159.128.235","10.100.102.58","TCP","60","443  >  58168 [ACK] Seq=2215 Ack=1627 Win=8 Len=0"
"7327","29.606916","140.82.121.4","10.100.102.58","TLSv1.2","133","[TCP Previous segment not captured] , Application Data"
"7328","29.606916","140.82.121.4","10.100.102.58","TCP","133","[TCP Out-Of-Order] 443  >  58451 [PSH, ACK] Seq=2816 Ack=680 Win=67584 Len=79"
"7329","29.606916","140.82.121.4","10.100.102.58","TLSv1.2","118","Application Data"
"7330","29.606962","10.100.102.58","140.82.121.4","TCP","66","[TCP Dup ACK 7305#1] 58451  >  443 [ACK] Seq=1781 Ack=2816 Win=132096 Len=0 SLE=2895 SRE=2974"
"7331","29.607025","10.100.102.58","140.82.121.4","TCP","54","58451  >  443 [ACK] Seq=1781 Ack=2974 Win=131840 Len=0"
"7332","29.607260","10.100.102.58","140.82.121.4","TLSv1.2","85","Application Data"
"7336","29.640525","140.82.121.4","10.100.102.58","TCP","60","443  >  58451 [ACK] Seq=3038 Ack=1781 Win=69632 Len=0"
"7344","29.669418","140.82.121.4","10.100.102.58","TCP","60","443  >  58451 [ACK] Seq=3038 Ack=1812 Win=69632 Len=0"
"7361","29.726949","140.82.121.4","10.100.102.58","TLSv1.2","1490","Application Data"
"7362","29.726949","140.82.121.4","10.100.102.58","TLSv1.2","658","[TCP Previous segment not captured] , Ignored Unknown Record"
"7363","29.726949","140.82.121.4","10.100.102.58","TCP","1490","[TCP Out-Of-Order] 443  >  58451 [ACK] Seq=4474 Ack=1812 Win=69632 Len=1436"
"7364","29.727061","10.100.102.58","140.82.121.4","TCP","66","58451  >  443 [ACK] Seq=1812 Ack=4474 Win=132096 Len=0 SLE=5910 SRE=6514"
"7365","29.727158","10.100.102.58","140.82.121.4","TCP","54","58451  >  443 [ACK] Seq=1812 Ack=6514 Win=132096 Len=0"
"7367","29.732983","10.100.102.58","140.82.121.4","TLSv1.2","626","Application Data"
"7380","29.791546","140.82.121.4","10.100.102.58","TCP","60","443  >  58451 [ACK] Seq=6514 Ack=2384 Win=71680 Len=0"
"7408","29.938732","140.82.121.4","10.100.102.58","TLSv1.2","692","[TCP Previous segment not captured] , Ignored Unknown Record"
"7409","29.938732","140.82.121.4","10.100.102.58","TCP","1490","[TCP Out-Of-Order] 443  >  58451 [ACK] Seq=7950 Ack=2384 Win=71680 Len=1436"
"7410","29.938732","140.82.121.4","10.100.102.58","TCP","1490","[TCP Out-Of-Order] 443  >  58451 [ACK] Seq=6514 Ack=2384 Win=71680 Len=1436"
"7411","29.938776","10.100.102.58","140.82.121.4","TCP","66","[TCP Dup ACK 7365#1] 58451  >  443 [ACK] Seq=2384 Ack=6514 Win=132096 Len=0 SLE=9386 SRE=10024"
"7412","29.938814","10.100.102.58","140.82.121.4","TCP","66","[TCP Dup ACK 7365#2] 58451  >  443 [ACK] Seq=2384 Ack=6514 Win=132096 Len=0 SLE=7950 SRE=10024"
"7413","29.938832","10.100.102.58","140.82.121.4","TCP","54","58451  >  443 [ACK] Seq=2384 Ack=10024 Win=132096 Len=0"
"7417","29.943231","10.100.102.58","140.82.114.25","TCP","66","58452  >  443 [SYN] Seq=0 Win=64240 Len=0 MSS=1460 WS=256 SACK_PERM"
"7461","30.100604","140.82.114.25","10.100.102.58","TCP","66","443  >  58452 [SYN, ACK] Seq=0 Ack=1 Win=65535 Len=0 MSS=1436 SACK_PERM WS=1024"
"7462","30.100697","10.100.102.58","140.82.114.25","TCP","54","58452  >  443 [ACK] Seq=1 Ack=1 Win=132096 Len=0"
"7463","30.101184","10.100.102.58","140.82.114.25","TLSv1.3","571","Client Hello"
"7513","30.255550","140.82.114.25","10.100.102.58","TLSv1.3","1490","Server Hello, Change Cipher Spec, Application Data"
"7514","30.255550","140.82.114.25","10.100.102.58","TLSv1.3","1436","Application Data, Application Data, Application Data"
"7515","30.255612","10.100.102.58","140.82.114.25","TCP","54","58452  >  443 [ACK] Seq=518 Ack=2819 Win=132096 Len=0"
"7516","30.256393","10.100.102.58","140.82.114.25","TLSv1.3","118","Change Cipher Spec, Application Data"
"7517","30.256666","10.100.102.58","140.82.114.25","TLSv1.3","1165","Application Data"
"7558","30.431262","140.82.114.25","10.100.102.58","TLSv1.3","133","Application Data"
"7559","30.431262","140.82.114.25","10.100.102.58","TLSv1.3","133","Application Data"
"7560","30.431262","140.82.114.25","10.100.102.58","TLSv1.3","555","Application Data"
"7561","30.431352","10.100.102.58","140.82.114.25","TCP","54","58452  >  443 [ACK] Seq=1693 Ack=3478 Win=131328 Len=0"
"7563","30.432972","10.100.102.58","140.82.114.25","TLSv1.3","258","Application Data"
"7609","30.591588","140.82.114.25","10.100.102.58","TLSv1.3","127","Application Data"
"7611","30.599196","10.100.102.58","162.159.128.235","TLSv1.2","115","Application Data"
"7613","30.604778","162.159.128.235","10.100.102.58","TCP","60","443  >  58168 [ACK] Seq=2215 Ack=1688 Win=8 Len=0"
"7620","30.609356","162.159.128.235","10.100.102.58","TLSv1.2","111","Application Data"
"7625","30.616451","10.100.102.58","162.159.130.235","TLSv1.2","115","Application Data"
"7628","30.636018","10.100.102.58","140.82.114.25","TCP","54","58452  >  443 [ACK] Seq=1897 Ack=3551 Win=131328 Len=0"
"7633","30.637618","162.159.130.235","10.100.102.58","TLSv1.2","111","Application Data"
"7637","30.656655","10.100.102.58","162.159.128.235","TCP","54","58168  >  443 [ACK] Seq=1688 Ack=2272 Win=512 Len=0"
"7648","30.687009","10.100.102.58","162.159.130.235","TCP","54","58169  >  443 [ACK] Seq=428 Ack=400 Win=509 Len=0"
"8510","33.931197","10.100.102.58","162.159.128.235","TLSv1.2","144","Application Data"
"8533","33.995849","162.159.128.235","10.100.102.58","TCP","60","443  >  58168 [ACK] Seq=2272 Ack=1778 Win=8 Len=0"
"8582","34.194813","10.100.102.58","162.159.128.235","TLSv1.2","144","Application Data"
"8585","34.200132","162.159.128.235","10.100.102.58","TCP","60","443  >  58168 [ACK] Seq=2272 Ack=1868 Win=8 Len=0"
"8601","34.251588","10.100.102.58","157.240.195.56","TLSv1.2","560","Application Data"
"8619","34.322002","157.240.195.56","10.100.102.58","TCP","60","443  >  58100 [ACK] Seq=1870 Ack=1841 Win=2363 Len=0"
"8643","34.429848","157.240.195.56","10.100.102.58","TLSv1.2","165","Application Data"
"8661","34.475068","10.100.102.58","157.240.195.56","TCP","54","58100  >  443 [ACK] Seq=1841 Ack=1981 Win=512 Len=0"
"8750","34.719257","157.240.195.56","10.100.102.58","TLSv1.2","149","Application Data"
"8751","34.720580","10.100.102.58","157.240.195.56","TLSv1.2","147","Application Data"
"8766","34.748863","157.240.195.56","10.100.102.58","TLSv1.2","151","Application Data"
"8770","34.753961","10.100.102.58","157.240.195.56","TLSv1.2","149","Application Data"
"8787","34.789547","157.240.195.56","10.100.102.58","TCP","60","443  >  58100 [ACK] Seq=2173 Ack=1934 Win=2363 Len=0"
"8800","34.824035","157.240.195.56","10.100.102.58","TCP","60","443  >  58100 [ACK] Seq=2173 Ack=2029 Win=2363 Len=0"
"8878","35.035552","10.100.102.58","162.159.128.235","TLSv1.2","144","Application Data"
"8885","35.041713","162.159.128.235","10.100.102.58","TCP","60","443  >  58168 [ACK] Seq=2272 Ack=1958 Win=8 Len=0"
"8900","35.086997","157.240.195.56","10.100.102.58","TLSv1.2","131","Application Data"
"8916","35.136392","10.100.102.58","157.240.195.56","TCP","54","58100  >  443 [ACK] Seq=2029 Ack=2250 Win=511 Len=0"
"8961","35.286198","10.100.102.58","20.199.120.85","TLSv1.2","97","Application Data"
"8979","35.340844","157.240.195.56","10.100.102.58","TLSv1.2","148","Application Data"
"8980","35.345570","10.100.102.58","157.240.195.56","TLSv1.2","147","Application Data"
"8984","35.351267","20.199.120.85","10.100.102.58","TLSv1.2","228","Application Data"
"8999","35.396142","10.100.102.58","20.199.120.85","TCP","54","58054  >  443 [ACK] Seq=44 Ack=175 Win=516 Len=0"
"9009","35.421660","157.240.195.56","10.100.102.58","TCP","60","443  >  58100 [ACK] Seq=2344 Ack=2122 Win=2363 Len=0"
"9058","35.601639","10.100.102.58","162.159.128.235","TLSv1.2","115","Application Data"
"9063","35.608237","162.159.128.235","10.100.102.58","TCP","60","443  >  58168 [ACK] Seq=2272 Ack=2019 Win=8 Len=0"
"9064","35.609645","162.159.128.235","10.100.102.58","TLSv1.2","111","Application Data"
"9066","35.618715","10.100.102.58","162.159.130.235","TLSv1.2","115","Application Data"
"9067","35.632410","162.159.130.235","10.100.102.58","TLSv1.2","111","Application Data"
"9075","35.652419","10.100.102.58","162.159.128.235","TCP","54","58168  >  443 [ACK] Seq=2019 Ack=2329 Win=512 Len=0"
"9084","35.675775","10.100.102.58","162.159.130.235","TCP","54","58169  >  443 [ACK] Seq=489 Ack=457 Win=509 Len=0"
"9093","35.717750","10.100.102.58","162.159.128.235","TLSv1.2","144","Application Data"
"9104","35.763221","162.159.128.235","10.100.102.58","TCP","60","443  >  58168 [ACK] Seq=2329 Ack=2109 Win=8 Len=0"
"10340","40.193720","10.100.102.58","34.84.0.87","TCP","55","58239  >  443 [ACK] Seq=1 Ack=1 Win=512 Len=1 [TCP segment of a reassembled PDU]"
"10383","40.348454","13.107.42.14","10.100.102.58","TLSv1.2","100","Application Data"
"10385","40.352862","10.100.102.58","13.107.42.14","TLSv1.2","96","Application Data"
"10386","40.352929","10.100.102.58","13.107.42.14","TLSv1.2","96","Application Data"
"10387","40.363516","13.107.42.14","10.100.102.58","TCP","60","443  >  58207 [ACK] Seq=2936 Ack=6647 Win=16385 Len=0"
"10408","40.447182","34.84.0.87","10.100.102.58","TCP","66","443  >  58239 [ACK] Seq=1 Ack=2 Win=501 Len=0 SLE=1 SRE=2"
"10448","40.601938","10.100.102.58","162.159.128.235","TLSv1.2","115","Application Data"
"10453","40.606486","162.159.128.235","10.100.102.58","TCP","60","443  >  58168 [ACK] Seq=2329 Ack=2170 Win=8 Len=0"
"10457","40.611563","162.159.128.235","10.100.102.58","TLSv1.2","111","Application Data"
"10458","40.612739","10.100.102.58","162.159.130.235","TLSv1.2","115","Application Data"
"10461","40.626416","162.159.130.235","10.100.102.58","TLSv1.2","111","Application Data"
"10470","40.656930","10.100.102.58","162.159.128.235","TCP","54","58168  >  443 [ACK] Seq=2170 Ack=2386 Win=512 Len=0"
"10474","40.672621","10.100.102.58","162.159.130.235","TCP","54","58169  >  443 [ACK] Seq=550 Ack=514 Win=508 Len=0"
"10517","40.817604","10.100.102.58","162.159.128.235","TLSv1.2","144","Application Data"
"10526","40.871860","162.159.128.235","10.100.102.58","TCP","60","443  >  58168 [ACK] Seq=2386 Ack=2260 Win=8 Len=0"
"10583","41.071595","10.100.102.58","162.159.128.235","TLSv1.2","144","Application Data"
"10589","41.080277","162.159.128.235","10.100.102.58","TCP","60","443  >  58168 [ACK] Seq=2386 Ack=2350 Win=8 Len=0"
"10612","41.163555","157.240.195.56","10.100.102.58","TLSv1.2","131","Application Data"
"10622","41.206295","10.100.102.58","157.240.195.56","TCP","54","58100  >  443 [ACK] Seq=2122 Ack=2421 Win=516 Len=0"
"12389","45.412719","10.100.102.58","162.159.136.234","TLSv1.2","97","Application Data"
"12392","45.418222","162.159.136.234","10.100.102.58","TCP","60","443  >  58134 [ACK] Seq=33 Ack=87 Win=7 Len=0"
"12436","45.565231","162.159.136.234","10.100.102.58","TLSv1.2","86","Application Data"
"12452","45.598082","10.100.102.58","162.159.128.235","TLSv1.2","115","Application Data"
"12453","45.601637","162.159.128.235","10.100.102.58","TCP","60","443  >  58168 [ACK] Seq=2386 Ack=2411 Win=8 Len=0"
"12456","45.604990","162.159.128.235","10.100.102.58","TLSv1.2","111","Application Data"
"12465","45.617373","10.100.102.58","162.159.136.234","TCP","54","58134  >  443 [ACK] Seq=87 Ack=65 Win=512 Len=0"
"12466","45.617970","10.100.102.58","162.159.130.235","TLSv1.2","115","Application Data"
"12468","45.628536","162.159.130.235","10.100.102.58","TLSv1.2","111","Application Data"
"12478","45.650347","10.100.102.58","162.159.128.235","TCP","54","58168  >  443 [ACK] Seq=2411 Ack=2443 Win=511 Len=0"
"12485","45.674344","10.100.102.58","162.159.130.235","TCP","54","58169  >  443 [ACK] Seq=611 Ack=571 Win=508 Len=0"
"12645","46.118392","10.100.102.58","162.159.128.235","TLSv1.2","144","Application Data"
"12659","46.155140","10.100.102.58","162.159.128.235","TLSv1.2","144","Application Data"
"12660","46.159930","162.159.128.235","10.100.102.58","TCP","60","443  >  58168 [ACK] Seq=2443 Ack=2591 Win=8 Len=0"
"13013","47.125198","157.240.195.56","10.100.102.58","TLSv1.2","738","Application Data"
"13030","47.176672","10.100.102.58","157.240.195.56","TCP","54","58100  >  443 [ACK] Seq=2122 Ack=3105 Win=513 Len=0"
"13059","47.227694","10.100.102.58","157.240.195.56","TLSv1.2","145","Application Data"
"13078","47.275062","10.100.102.58","157.240.195.56","TLSv1.2","157","Application Data"
"13087","47.297993","157.240.195.56","10.100.102.58","TCP","60","443  >  58100 [ACK] Seq=3105 Ack=2213 Win=2363 Len=0"
"13105","47.346030","157.240.195.56","10.100.102.58","TCP","60","443  >  58100 [ACK] Seq=3105 Ack=2316 Win=2363 Len=0"
"13134","47.449797","157.240.195.56","10.100.102.58","TLSv1.2","144","Application Data"
"13146","47.496426","10.100.102.58","157.240.195.56","TCP","54","58100  >  443 [ACK] Seq=2316 Ack=3195 Win=513 Len=0"
"13182","47.614634","10.100.102.58","162.159.128.235","TLSv1.2","144","Application Data"
"13203","47.675800","162.159.128.235","10.100.102.58","TCP","60","443  >  58168 [ACK] Seq=2443 Ack=2681 Win=8 Len=0"
"13208","47.696864","10.100.102.58","162.159.128.235","TLSv1.2","144","Application Data"
"13209","47.704038","162.159.128.235","10.100.102.58","TCP","60","443  >  58168 [ACK] Seq=2443 Ack=2771 Win=8 Len=0"
"13595","49.051368","10.100.102.58","162.159.128.235","TLSv1.2","144","Application Data"
"13597","49.055693","162.159.128.235","10.100.102.58","TCP","60","443  >  58168 [ACK] Seq=2443 Ack=2861 Win=8 Len=0"
"13694","49.435447","10.100.102.58","162.159.128.235","TLSv1.2","144","Application Data"
"13701","49.440861","162.159.128.235","10.100.102.58","TCP","60","443  >  58168 [ACK] Seq=2443 Ack=2951 Win=8 Len=0"
"13713","49.497266","157.240.195.56","10.100.102.58","TLSv1.2","151","Application Data"
"13715","49.499663","10.100.102.58","157.240.195.56","TLSv1.2","150","Application Data"
"13736","49.568245","157.240.195.56","10.100.102.58","TCP","60","443  >  58100 [ACK] Seq=3292 Ack=2412 Win=2363 Len=0"
"13873","50.121806","10.100.102.58","157.240.195.56","TLSv1.2","124","Application Data"
"13895","50.199968","157.240.195.56","10.100.102.58","TCP","60","443  >  58100 [ACK] Seq=3292 Ack=2482 Win=2363 Len=0"
"14173","51.154262","10.100.102.58","162.159.128.235","TLSv1.2","115","Application Data"
"14174","51.154505","10.100.102.58","162.159.130.235","TLSv1.2","115","Application Data"
"14175","51.157636","162.159.128.235","10.100.102.58","TCP","60","443  >  58168 [ACK] Seq=2443 Ack=3012 Win=8 Len=0"
"14177","51.165475","162.159.130.235","10.100.102.58","TLSv1.2","111","Application Data"
"14181","51.171905","162.159.128.235","10.100.102.58","TLSv1.2","111","Application Data"
"14191","51.210259","10.100.102.58","162.159.130.235","TCP","54","58169  >  443 [ACK] Seq=672 Ack=628 Win=514 Len=0"
"14192","51.218212","10.100.102.58","162.159.128.235","TCP","54","58168  >  443 [ACK] Seq=3012 Ack=2500 Win=511 Len=0"
"14264","51.454122","10.100.102.58","172.217.22.37","TCP","55","[TCP Keep-Alive] 58206  >  443 [ACK] Seq=1 Ack=1 Win=512 Len=1"
"14265","51.459303","172.217.22.37","10.100.102.58","TCP","66","[TCP Keep-Alive ACK] 443  >  58206 [ACK] Seq=1 Ack=2 Win=869 Len=0 SLE=1 SRE=2"
"15291","54.689817","10.100.102.58","157.240.195.56","TLSv1.2","124","Application Data"
"15314","54.757373","157.240.195.56","10.100.102.58","TCP","60","443  >  58100 [ACK] Seq=3292 Ack=2552 Win=2363 Len=0"
"15423","55.076291","10.100.102.58","157.240.195.56","TLSv1.2","301","Application Data"
"15449","55.156482","157.240.195.56","10.100.102.58","TCP","60","443  >  58100 [ACK] Seq=3292 Ack=2799 Win=2363 Len=0"
"15493","55.298713","157.240.195.56","10.100.102.58","TLSv1.2","165","Application Data"
"15515","55.342134","10.100.102.58","157.240.195.56","TCP","54","58100  >  443 [ACK] Seq=2799 Ack=3403 Win=512 Len=0"
"15518","55.356539","13.107.42.14","10.100.102.58","TLSv1.2","100","Application Data"
"15520","55.364012","10.100.102.58","13.107.42.14","TLSv1.2","96","Application Data"
"15521","55.364079","10.100.102.58","13.107.42.14","TLSv1.2","96","Application Data"
"15523","55.371778","13.107.42.14","10.100.102.58","TCP","60","443  >  58207 [ACK] Seq=2982 Ack=6731 Win=16385 Len=0"
"15656","55.661918","157.240.195.56","10.100.102.58","TLSv1.2","149","Application Data"
"15657","55.664562","10.100.102.58","157.240.195.56","TLSv1.2","147","Application Data"
"15659","55.671682","157.240.195.56","10.100.102.58","TLSv1.2","151","Application Data"
"15670","55.685687","10.100.102.58","157.240.195.56","TLSv1.2","149","Application Data"
"15694","55.733256","157.240.195.56","10.100.102.58","TCP","60","443  >  58100 [ACK] Seq=3595 Ack=2892 Win=2363 Len=0"
"15708","55.753321","157.240.195.56","10.100.102.58","TCP","60","443  >  58100 [ACK] Seq=3595 Ack=2987 Win=2363 Len=0"
"15874","56.138272","157.240.195.56","10.100.102.58","TLSv1.2","148","Application Data"
"15880","56.140957","10.100.102.58","157.240.195.56","TLSv1.2","147","Application Data"
"15885","56.151486","10.100.102.58","162.159.128.235","TLSv1.2","115","Application Data"
"15886","56.151648","10.100.102.58","162.159.130.235","TLSv1.2","115","Application Data"
"15887","56.160235","162.159.128.235","10.100.102.58","TLSv1.2","111","Application Data"
"15888","56.160637","162.159.130.235","10.100.102.58","TLSv1.2","111","Application Data"
"15908","56.206924","10.100.102.58","162.159.128.235","TCP","54","58168  >  443 [ACK] Seq=3073 Ack=2557 Win=511 Len=0"
"15911","56.207005","10.100.102.58","162.159.130.235","TCP","54","58169  >  443 [ACK] Seq=733 Ack=685 Win=513 Len=0"
"15915","56.213479","157.240.195.56","10.100.102.58","TCP","60","443  >  58100 [ACK] Seq=3689 Ack=3080 Win=2363 Len=0"
"16075","56.698201","157.240.195.56","10.100.102.58","TLSv1.2","131","Application Data"
"16087","56.742369","10.100.102.58","157.240.195.56","TCP","54","58100  >  443 [ACK] Seq=3080 Ack=3766 Win=516 Len=0"
"17128","60.158600","10.100.102.58","13.107.42.14","TCP","1494","58207  >  443 [ACK] Seq=6731 Ack=2982 Win=514 Len=1440 [TCP segment of a reassembled PDU]"
"17129","60.158600","10.100.102.58","13.107.42.14","TCP","1494","58207  >  443 [ACK] Seq=8171 Ack=2982 Win=514 Len=1440 [TCP segment of a reassembled PDU]"
"17130","60.158600","10.100.102.58","13.107.42.14","TCP","1494","58207  >  443 [ACK] Seq=9611 Ack=2982 Win=514 Len=1440 [TCP segment of a reassembled PDU]"
"17131","60.158600","10.100.102.58","13.107.42.14","TLSv1.2","361","Application Data"
"17132","60.158680","10.100.102.58","13.107.42.14","TLSv1.2","422","Application Data"
"17145","60.165100","13.107.42.14","10.100.102.58","TCP","60","443  >  58207 [ACK] Seq=2982 Ack=8171 Win=16386 Len=0"
"17146","60.165100","13.107.42.14","10.100.102.58","TCP","60","443  >  58207 [ACK] Seq=2982 Ack=11726 Win=16386 Len=0"
"17280","60.337208","13.107.42.14","10.100.102.58","TCP","1506","443  >  58207 [ACK] Seq=2982 Ack=11726 Win=16386 Len=1452 [TCP segment of a reassembled PDU]"
"17281","60.337208","13.107.42.14","10.100.102.58","TLSv1.2","928","Application Data"
"17282","60.337285","10.100.102.58","13.107.42.14","TCP","54","58207  >  443 [ACK] Seq=11726 Ack=5308 Win=517 Len=0"
"17577","61.153894","10.100.102.58","162.159.128.235","TLSv1.2","115","Application Data"
"17578","61.154197","10.100.102.58","162.159.130.235","TLSv1.2","115","Application Data"
"17579","61.163103","162.159.128.235","10.100.102.58","TLSv1.2","111","Application Data"
"17582","61.166649","162.159.130.235","10.100.102.58","TLSv1.2","111","Application Data"
"17589","61.206140","10.100.102.58","162.159.128.235","TCP","54","58168  >  443 [ACK] Seq=3134 Ack=2614 Win=511 Len=0"
"17590","61.206218","10.100.102.58","162.159.130.235","TCP","54","58169  >  443 [ACK] Seq=794 Ack=742 Win=513 Len=0"
"18100","63.154570","157.240.195.56","10.100.102.58","TLSv1.2","131","Application Data"
"18115","63.206566","10.100.102.58","157.240.195.56","TCP","54","58100  >  443 [ACK] Seq=3080 Ack=3843 Win=516 Len=0"
"18860","66.157093","10.100.102.58","162.159.128.235","TLSv1.2","115","Application Data"
"18861","66.157347","10.100.102.58","162.159.130.235","TLSv1.2","115","Application Data"
"18865","66.167754","162.159.130.235","10.100.102.58","TLSv1.2","111","Application Data"
"18866","66.167754","162.159.128.235","10.100.102.58","TLSv1.2","111","Application Data"
"18879","66.216689","10.100.102.58","162.159.130.235","TCP","54","58169  >  443 [ACK] Seq=855 Ack=799 Win=513 Len=0"
"18880","66.216803","10.100.102.58","162.159.128.235","TCP","54","58168  >  443 [ACK] Seq=3195 Ack=2671 Win=511 Len=0"
"18930","66.341963","172.217.22.37","10.100.102.58","TLSv1.2","127","Application Data"
"18934","66.342425","10.100.102.58","172.217.22.37","TCP","54","58206  >  443 [FIN, ACK] Seq=2 Ack=74 Win=512 Len=0"
"18942","66.349012","172.217.22.37","10.100.102.58","TCP","60","443  >  58206 [FIN, ACK] Seq=74 Ack=3 Win=869 Len=0"
"18943","66.349106","10.100.102.58","172.217.22.37","TCP","54","58206  >  443 [ACK] Seq=3 Ack=75 Win=512 Len=0"
"19021","66.505371","157.240.195.56","10.100.102.58","TLSv1.2","498","Application Data"
"19047","66.552105","10.100.102.58","157.240.195.56","TCP","54","58100  >  443 [ACK] Seq=3080 Ack=4287 Win=514 Len=0"
"19080","66.619854","10.100.102.58","157.240.195.56","TLSv1.2","145","Application Data"
"19085","66.632064","10.100.102.58","157.240.195.56","TLSv1.2","157","Application Data"
"19115","66.696995","157.240.195.56","10.100.102.58","TCP","60","443  >  58100 [ACK] Seq=4287 Ack=3171 Win=2363 Len=0"
"19118","66.702157","157.240.195.56","10.100.102.58","TCP","60","443  >  58100 [ACK] Seq=4287 Ack=3274 Win=2363 Len=0"
"19166","66.809185","157.240.195.56","10.100.102.58","TLSv1.2","144","Application Data"
"19187","66.856307","10.100.102.58","157.240.195.56","TCP","54","58100  >  443 [ACK] Seq=3274 Ack=4377 Win=514 Len=0"
"19838","68.701795","157.240.195.56","10.100.102.58","TLSv1.2","151","Application Data"
"19840","68.704429","10.100.102.58","157.240.195.56","TLSv1.2","150","Application Data"
"19865","68.776893","157.240.195.56","10.100.102.58","TCP","60","443  >  58100 [ACK] Seq=4474 Ack=3370 Win=2363 Len=0"
"20132","69.650391","162.159.128.235","10.100.102.58","TLSv1.2","158","Application Data"
"20148","69.696713","10.100.102.58","162.159.128.235","TCP","54","58168  >  443 [ACK] Seq=3195 Ack=2775 Win=510 Len=0"
"20317","70.195339","10.100.102.58","162.159.128.235","TLSv1.2","144","Application Data"
"20336","70.241638","162.159.128.235","10.100.102.58","TCP","60","443  >  58168 [ACK] Seq=2775 Ack=3285 Win=8 Len=0"
"20367","70.348966","13.107.42.14","10.100.102.58","TLSv1.2","100","Application Data"
"20368","70.354948","10.100.102.58","13.107.42.14","TLSv1.2","96","Application Data"
"20369","70.355117","10.100.102.58","13.107.42.14","TLSv1.2","96","Application Data"
"20370","70.366163","13.107.42.14","10.100.102.58","TCP","60","443  >  58207 [ACK] Seq=5354 Ack=11810 Win=16385 Len=0"
"20393","70.433827","10.100.102.58","162.159.128.235","TLSv1.2","144","Application Data"
"20394","70.437512","162.159.128.235","10.100.102.58","TCP","60","443  >  58168 [ACK] Seq=2775 Ack=3375 Win=8 Len=0"
"20416","70.497885","162.159.128.235","10.100.102.58","TLSv1.2","158","Application Data"
"20439","70.547316","10.100.102.58","162.159.128.235","TCP","54","58168  >  443 [ACK] Seq=3375 Ack=2879 Win=510 Len=0"
"20457","70.597534","10.100.102.58","162.159.128.235","TLSv1.2","115","Application Data"
"20459","70.601709","162.159.128.235","10.100.102.58","TCP","60","443  >  58168 [ACK] Seq=2879 Ack=3436 Win=8 Len=0"
"20466","70.607420","162.159.128.235","10.100.102.58","TLSv1.2","111","Application Data"
"20470","70.616928","10.100.102.58","162.159.130.235","TLSv1.2","115","Application Data"
"20473","70.630780","162.159.130.235","10.100.102.58","TLSv1.2","111","Application Data"
"20484","70.654616","10.100.102.58","162.159.128.235","TCP","54","58168  >  443 [ACK] Seq=3436 Ack=2936 Win=509 Len=0"
"20496","70.671315","10.100.102.58","162.159.130.235","TCP","54","58169  >  443 [ACK] Seq=916 Ack=856 Win=513 Len=0"
